unix_time,elapsed_s,height,est_tip,peers,rss_kb,state_bytes
1786408367,0,2800,3463884,10,865264,43674616
1786408427,60,3200,3463885,10,876352,53039817
1786408487,120,3200,3463886,0,907040,53039817
1786408547,180,4800,3463903,10,951800,101785358
1786408607,240,4800,3463904,10,979596,101785358
1786408667,300,4800,3463905,0,992416,101785358
1786408727,360,7200,3463879,10,993416,261339872
1786408787,420,7200,3463879,10,2213404,261405497
1786408847,480,7200,3463880,0,2250452,261405497
1786408907,540,8400,3463891,10,2200296,342788075
1786408967,600,8400,3463892,10,2136820,342788075
1786409027,660,8400,3463893,0,2149472,342788075
1786409087,720,10400,3463906,10,2179052,465742059
1786409147,780,10800,3463882,10,2186048,486113914
1786409207,840,10800,3463883,1,2187600,486113914
1786409267,900,12496,3463885,10,2209544,856690678
1786409327,960,12896,3463886,10,2239616,967836392
1786409388,1021,12896,3463887,0,2304888,967902017
1786409448,1081,14496,3463879,10,2204860,1096191176
1786409508,1141,14896,3463871,10,2204884,1179427195
1786409568,1201,14896,3463872,0,2222936,1179427195
1786409628,1261,16096,3463878,10,2251140,1295499772
1786409688,1321,16096,3463878,10,2278044,1295499772
1786409748,1381,16096,3463879,0,2299308,1295499772
1786409808,1441,18096,3463847,9,2368032,1439457354
1786409868,1501,18896,3463858,9,2370832,1555718903
1786409928,1561,18896,3463859,0,2374072,1555718903
1786409988,1621,20096,3463856,10,2201608,1617240936
1786410048,1681,20496,3463859,10,2233068,1638564530
1786410108,1741,20496,3463860,0,2157488,1638564530
1786410168,1801,21696,3463831,10,2160200,1812348940
1786410228,1861,22896,3463813,10,2158832,1934135558
1786410288,1921,22896,3463814,0,2158932,1934135558
1786410348,1981,23696,3463814,10,2152852,1971552736
1786410408,2041,24496,3463802,10,2152852,2065008026
1786410468,2101,24496,3463803,0,2188520,2065008026
1786410528,2161,25296,3463808,10,2189632,2102658649
1786410588,2221,26096,3463798,10,2195160,2195081461
1786410648,2281,26096,3463799,0,2201872,2195081461
1786410708,2341,26896,3463762,10,2093480,2232046445
1786410768,2401,27696,3463783,10,2121444,2270051465
1786410828,2461,27696,3463784,0,2121444,2270051465
1786410888,2521,28496,3463762,10,2121444,2334442652
1786410949,2582,29296,3463754,10,2126992,2425381333
1786411009,2642,29696,3463735,9,2134872,2442575386
1786411069,2702,31296,3463729,9,2134888,2562977684
1786411129,2762,31296,3463730,0,2138116,2562977684
1786411189,2822,31296,3463731,10,2141044,2562995798
1786411249,2882,33296,3463732,10,2141044,2723452040
1786411309,2942,33296,3463733,0,2141044,2723452040
1786411369,3002,33296,3463734,0,2140944,2723452040
1786411429,3062,34896,3463718,10,2146728,2829116888
1786411489,3122,34896,3463719,5,2154380,2829116888
1786411549,3182,34896,3463719,10,2232036,2829116888
1786411609,3242,35696,3463707,10,2187344,2883147516
1786411669,3302,35696,3463708,0,2187344,2883147516
1786411729,3362,38096,3463663,10,2200592,3091516443
1786411789,3422,38096,3463663,10,2224072,3091534557
1786411849,3482,38096,3463664,0,2254220,3091534557
1786411909,3542,40096,3463658,10,2254732,3222953351
1786411969,3602,40096,3463659,10,2254736,3222953351
1786412029,3662,40096,3463659,0,2254748,3222953351
1786412089,3722,42096,3463627,10,2254748,3360548552
1786412149,3782,42096,3463628,10,2254792,3360548552
1786412210,3843,42096,3463629,0,2254792,3360548552
1786412270,3903,43696,3463596,10,2254796,3437431763
1786412330,3963,43696,3463597,10,2254804,3437431763
1786412390,4023,44896,3463620,10,2254804,3617496369
1786412450,4083,44896,3463621,10,2254804,3617496369
1786412510,4143,46496,3463579,10,2255112,3681131090
1786412570,4203,46496,3463580,10,2255180,3681131090
1786412630,4263,46496,3463581,0,2255180,3681131090
1786412690,4323,48496,3463557,10,2255184,3827830897
1786412750,4383,48496,3463558,10,2255184,3827830897
1786412810,4443,48496,3463559,0,2255184,3827830897
1786412870,4503,49696,3463551,10,2255192,3923018678
1786412930,4563,49696,3463552,10,2266476,3923018678
1786412990,4623,49696,3463553,0,2330988,3923040025
1786413050,4683,51696,3463514,10,2331096,4034999493
1786413110,4743,52096,3463502,10,2331424,4107443829
1786413170,4803,52096,3463503,0,2331436,4107443829
1786413230,4863,53696,3463480,10,2337000,4196607530
1786413290,4923,54096,3463493,10,2337020,4237998864
1786413350,4983,54096,3463494,0,2337032,4237998864
1786413410,5043,54896,3463473,9,2338268,4266997156
1786413471,5104,54896,3463473,9,2338272,4266997156
1786413531,5164,56896,3463455,10,2338276,4434607140
1786413591,5224,57696,3463440,10,2338296,4453819818
1786413651,5284,57696,3463441,0,2338296,4453819818
1786413711,5344,58896,3463432,10,2338296,4507586424
1786413771,5404,58896,3463433,10,2338304,4507586424
1786413831,5464,58896,3463434,0,2338304,4507586424
1786413891,5524,60496,3463418,10,2338304,4711623794
1786413951,5584,61296,3463400,10,2338304,4769024232
1786414011,5644,61296,3463401,1,2338312,4769024232
1786414071,5704,62896,3463379,10,2338312,4855685735
1786414131,5764,63696,3463363,10,2338312,4895616913
1786414191,5824,63696,3463364,0,2338312,4895682538
1786414251,5884,64896,3463378,10,2338312,4942275264
1786414311,5944,65696,3463368,10,2338312,5031052498
1786414371,6004,65696,3463369,0,2338316,5031052498
1786414431,6064,66896,3463341,10,2338316,5075082088
1786414474,0,68096,3463340,10,2342248,5124684203
1786414491,6124,68096,3463340,10,2342248,5124684203
1786414551,6184,68096,3463341,0,2342248,5124684203
1786414611,6244,68513,3463333,10,2342252,5143434488
1786414671,6304,70896,3463313,10,2342252,5396451597
1786414732,6365,70896,3463314,0,2342252,5396451597
1786414792,6425,71296,3463329,10,2342252,5414811688
1786414852,6485,72496,3463317,10,2345580,5481959178
1786414912,6545,72496,3463318,0,2345580,5481959178
1786414972,6605,72896,3463291,10,2345580,5499859521
1786415032,6665,74896,3463276,10,2345580,5649886535
1786415092,6725,74896,3463277,1,2345592,5649886535
1786415152,6785,74896,3463278,6,2345596,5649886535
1786415212,6845,77296,3463250,10,2345596,5777971983
1786415272,6905,77296,3463250,1,2345596,5777971983
1786415332,6965,77296,3463251,0,2345596,5777971983
1786415392,7025,79296,3463221,9,2345596,6004966666
1786415452,7085,79296,3463222,9,2345600,6004966666
1786415512,7145,79296,3463223,0,2345600,6004966666
1786415572,7205,80496,3463205,10,2345600,6058234612
1786415632,7265,80496,3463205,10,2345600,6058234612
1786415692,7325,80496,3463206,0,2345608,6058234612
1786415752,7385,82787,3463208,10,2345608,6282221863
1786415812,7445,82896,3463213,10,2345620,6265273463
1786415872,7505,82896,3463213,0,2363724,6265273463
1786415932,7565,84496,3463190,9,2392236,6337244975
1786415993,7626,84496,3463191,9,2392444,6337263719
1786416053,7686,84496,3463192,0,2393076,6337263719
1786416113,7746,85696,3463196,10,2410048,6448477236
1786416173,7806,85696,3463197,10,2410892,6448477236
1786416233,7866,85696,3463198,0,2411164,6448477236
1786416293,7926,87696,3463172,10,2416280,6694245978
1786416353,7986,87696,3463172,10,2449888,6694245978
1786416413,8046,87696,3463173,0,2450284,6694245978
1786416473,8106,89696,3463154,10,2450284,6841777473
1786416533,8166,89696,3463155,10,2450284,6841777473
1786416593,8226,91296,3463160,10,2450288,6912203738
1786416653,8286,91296,3463161,10,2450288,6912203738
1786416713,8346,91296,3463161,0,2450288,6912203738
1786416773,8406,93296,3463135,9,2450292,7033721668
1786416833,8466,93296,3463136,9,2450292,7033721668
1786416893,8526,94496,3463118,10,2450292,7162408008
1786416953,8586,94496,3463119,10,2450292,7162408008
1786417013,8646,96096,3463099,10,2450292,7239855518
1786417073,8706,96096,3463100,10,2450292,7239855518
1786417133,8766,96096,3463100,0,2450844,7239855518
1786417193,8826,97296,3463107,10,2450844,7334061603
1786417254,8887,97696,3463099,10,2450844,7351324494
1786417314,8947,97696,3463100,0,2450848,7351324494
1786417374,9007,98896,3463106,9,2450852,7507946147
1786417434,9067,99296,3463093,9,2450852,7526017090
1786417494,9127,99296,3463094,0,2450852,7526017090
1786417554,9187,101296,3463069,10,2451064,7629323584
1786417614,9247,101696,3463079,10,2451064,7731429677
1786417674,9307,101696,3463079,0,2451064,7731429677
1786417734,9367,102896,3463084,10,2451064,7787162688
1786417794,9427,103296,3463078,10,2451064,7806585398
1786417854,9487,103296,3463079,0,2451064,7806585398
1786417914,9547,104496,3463062,10,2451068,7857258100
1786417974,9607,105696,3463063,10,2453908,7956885750
1786418034,9667,105696,3463064,0,2453908,7956885750
1786418094,9727,106275,3463055,10,2453944,8224768081
1786418154,9787,107037,3463044,10,2454028,9295510035
1786418214,9847,107649,3463035,0,2454028,10169413603
1786418274,9907,107820,3463037,10,2456368,10432384932
1786418334,9967,108873,3463042,10,2456368,11057332838
1786418394,10027,108873,3463043,0,2456368,11057351794
1786418454,10087,109673,3463032,10,2456376,11238973113
1786418515,10148,110873,3463021,10,2456448,11072544669
1786418575,10208,110873,3463022,0,2456448,11072544669
1786418635,10268,111273,3463032,10,2541672,11094082596
1786418695,10328,113273,3463024,10,2543012,11194146788
1786418755,10388,113273,3463025,0,2543016,11194146788
1786418815,10448,113457,3463009,10,2543016,11203374662
1786418875,10508,115273,3462974,10,2543016,11277328299
1786418935,10568,115273,3462974,0,2618720,11277328299
1786418995,10628,115273,3462975,4,2618724,11277393924
1786419055,10688,117673,3462974,10,2618744,11413750376
1786419115,10748,117673,3462975,1,2620620,11413750376
1786419175,10808,118073,3462959,10,2539604,11475407086
1786419235,10868,119273,3462962,10,2540200,11605968503
1786419295,10928,119273,3462963,0,2565936,11605968503
1786419355,10988,121673,3462949,10,2566324,11796607431
1786419415,11048,121673,3462950,10,2572936,11796607431
1786419475,11108,121673,3462951,10,2576380,11796607431
1786419535,11168,122873,3462936,10,2613596,11952560056
1786419595,11228,122873,3462937,0,2613600,11952579005
1786419655,11288,124073,3462935,10,2613600,12046953018
1786419715,11348,124073,3462935,10,2613600,12046953018
1786419775,11408,124073,3462936,0,2613604,12046953018
1786419835,11468,125273,3462929,9,2613892,12116826030
1786419896,11529,125273,3462930,9,2870356,12116826030
1786419956,11589,127273,3462901,10,2971748,12372212122
1786420016,11649,127273,3462902,10,3013620,12372212122
1786420076,11709,127273,3462903,0,3225224,12372212122
1786420136,11769,129609,3462906,10,3232120,12570054238
1786420196,11829,129673,3462915,10,3554880,12573120347
1786420256,11889,129673,3462916,0,3648400,12573120347
1786420316,11949,131814,3462891,10,3674420,12914779868
1786420376,12009,132073,3462888,10,3749420,12933960300
1786420436,12069,132073,3462888,0,3781368,12933960300
1786420496,12129,133673,3462890,9,3977572,13127225111
1786420556,12189,133673,3462891,9,3877280,13127225111
1786420616,12249,133673,3462892,0,3955284,13127225111
1786420676,12309,135673,3462874,9,3997008,13292939169
1786420736,12369,135673,3462874,9,4002872,13292939169
1786420796,12429,135673,3462875,0,4016264,13292961354
1786420856,12489,137273,3462877,10,4025932,13479365617
1786420916,12549,137273,3462878,10,4156796,13479365617
1786420976,12609,138873,3462844,10,4210412,13689831790
1786421036,12669,138873,3462845,10,4224828,13689831790
1786421096,12729,140473,3462840,10,4252388,13799938185
1786421156,12789,140473,3462840,10,4268408,13799938185
1786421216,12849,142073,3462839,10,4282644,13989639143
1786421276,12909,142873,3462811,10,4283616,14052757747
1786421336,12969,142873,3462812,0,4294580,14052757747
1786421396,13029,144073,3462806,10,4299560,14207474674
1786421456,13089,144473,3462815,10,4305200,14293185431
1786421517,13150,144473,3462816,0,4310528,14293185431
1786421577,13210,145673,3462809,10,4313228,14390126115
1786421637,13270,145673,3462810,10,4322860,14390126115
1786421697,13330,145673,3462811,0,4322860,14390126115
1786421757,13390,147200,3462792,8,4330632,14510541554
1786421817,13450,147673,3462799,8,4337616,14605183578
1786421877,13510,147673,3462800,0,4333320,14605183578
1786421937,13570,149273,3462763,10,4333328,14782127186
1786421997,13630,149673,3462769,10,4335940,14780801898
1786422057,13690,150473,3462768,9,4325348,14895534409
1786422117,13750,151273,3462767,9,4335404,14948719083
1786422177,13810,152073,3462735,10,4336804,15143207438
1786422237,13870,152473,3462730,10,4336804,14997166266
1786422297,13930,153273,3462740,10,4336804,15113705375
1786422357,13990,154473,3462720,9,4340776,15228182938
1786422417,14050,154473,3462720,0,4342928,15228182938
1786422477,14110,154873,3462709,10,4342932,15258952995
1786422537,14170,155673,3462727,9,4342932,15403802525
1786422597,14230,155673,3462728,0,4345552,15403821475
1786422657,14290,156056,3462718,9,4350212,15452585860
1786422717,14350,157273,3462692,10,4351092,15541406388
1786422777,14410,157273,3462693,0,4351092,15541406388
1786422837,14470,157673,3462707,10,4351092,15567188205
1786422897,14530,158873,3462698,10,4352972,15733635726
1786422958,14591,159655,3462696,10,4352972,15854722662
1786423018,14651,160873,3462674,10,4352972,15916358391
1786423078,14711,161129,3462678,10,4358908,15974018792
1786423138,14771,162873,3462653,10,4364120,16161035022
1786423198,14831,162873,3462654,0,4370916,16161053980
1786423258,14891,165195,3462659,10,4380928,16520408309
1786423318,14951,165195,3462660,10,4384604,16520408459
1786423378,15011,165195,3462661,0,4384604,16520408459
1786423438,15071,166795,3462630,10,4385312,16772185561
1786423498,15131,166795,3462631,10,4386736,16772185561
1786423558,15191,166795,3462631,0,4408260,16772185561
1786423618,15251,169195,3462591,10,4432696,17128982233
1786423678,15311,169195,3462591,10,4455480,17128982233
1786423738,15371,169195,3462592,0,4465412,17128982233
1786423798,15431,170715,3462600,10,4467104,17429504882
1786423858,15491,170715,3462601,10,4467104,17429504882
1786423918,15551,172711,3462586,10,4473520,17731960307
1786423978,15611,172711,3462587,10,4473996,17731960307
1786424038,15671,174711,3462559,10,4475772,17960186048
1786424098,15731,174711,3462560,10,4479404,17960186048
1786424159,15792,174711,3462561,0,4643320,17960186048
1786424219,15852,176711,3462562,9,4644056,18283179062
1786424279,15912,177111,3462552,9,4652996,18318542578
1786424339,15972,177111,3462553,0,4666052,18318542578
1786424399,16032,178711,3462537,9,4666052,18499040924
1786424459,16092,178711,3462538,9,4671152,18499040924
1786424519,16152,179911,3462517,10,4677960,18645910382
1786424579,16212,179911,3462518,10,4689092,18645910382
1786424639,16272,181511,3462479,9,4692460,18853231763
1786424699,16332,181511,3462480,9,4695048,18853231763
1786424759,16392,182711,3462487,10,4637076,18975958036
1786424819,16452,182711,3462487,10,4657036,18975958203
1786424879,16512,182711,3462488,0,4659804,18975958203
1786424939,16572,184311,3462475,10,4640000,19228894418
1786424999,16632,184711,3462475,10,4646064,19190808811
1786425059,16692,184711,3462475,0,4646068,19190808811
1786425119,16752,186293,3462459,10,4648464,19386766593
1786425179,16812,186711,3462450,10,4652052,19424106924
1786425239,16872,186711,3462451,0,4687556,19424106924
1786425299,16932,187918,3462448,10,4712484,19683212805
1786425359,16992,188711,3462420,10,4722400,19852174183
1786425419,17052,188711,3462420,0,4738404,19852174183
1786425480,17113,189511,3462434,10,4750848,19915448088
1786425540,17173,189911,3462435,10,4750896,19939696941
1786425600,17233,189911,3462436,0,4758664,19939715904
1786425660,17293,191111,3462427,10,4767400,20112657803
1786425720,17353,191511,3462435,10,4785152,20197011452
1786425780,17413,191511,3462436,0,4809384,20197011452
1786425840,17473,192410,3462429,10,4818140,20435063886
1786425900,17533,193880,3462408,9,4864684,20789048089
1786425960,17593,194504,3462394,9,4872324,20845003154
1786426020,17653,195480,3462379,10,4879068,20985858948
1786426080,17713,195480,3462379,1,4882880,20985858948
1786426140,17773,195880,3462388,10,4883192,21023022239
1786426200,17833,198280,3462361,10,4883336,21367954736
1786426260,17893,198280,3462362,0,4883764,21367954736
1786426320,17953,198535,3462370,10,4883840,21392952013
1786426380,18013,200280,3462353,10,4883892,21553546579
1786426440,18073,200280,3462354,0,4887144,21553546579
1786426500,18133,200280,3462355,10,4887560,21553546579
1786426560,18193,202280,3462333,10,4887768,21953892395
1786426620,18253,202280,3462334,0,4888020,21953892395
1786426680,18313,202280,3462335,2,4850872,21953892395
1786426740,18373,203880,3462288,10,4850896,22201148285
1786426800,18433,203880,3462289,8,4851248,22201167248
1786426860,18493,203880,3462290,0,4854016,22201167248
1786426921,18554,205880,3462275,9,4854048,22397397068
1786426981,18614,205880,3462276,9,4855940,22397397068
1786427041,18674,205880,3462277,0,4855928,22397397068
1786427101,18734,207880,3462249,10,4855960,22790055105
1786427161,18794,207880,3462250,10,4855960,22790055105
1786427221,18854,207880,3462251,0,4856176,22790055105
1786427281,18914,209998,3462226,10,4856196,23155856009
1786427341,18974,209998,3462227,10,4856208,23155856009
1786427401,19034,209998,3462227,0,4858076,23155874974
1786427461,19094,211198,3462217,10,4866908,23360057248
1786427521,19154,211198,3462217,10,4867004,23360057248
1786427581,19214,211198,3462218,0,4867096,23360057248
1786427641,19274,213198,3462196,10,4871676,23607511781
1786427702,19335,213198,3462196,10,4871688,23607511781
1786427762,19395,213198,3462197,0,4871664,23607511781
1786427822,19455,215598,3462171,10,4871672,23896498493
1786427882,19515,215598,3462171,10,4879828,23896498493
1786427942,19575,215598,3462172,0,4887760,23896498493
1786428002,19635,217598,3462156,10,4888520,24131913581
1786428062,19695,217998,3462147,10,4896204,24267386873
1786428122,19755,217998,3462148,0,4900420,24267386873
1786428182,19815,219598,3462141,9,4901740,24532955402
1786428242,19875,219598,3462142,9,4901740,24532955402
1786428302,19935,221598,3462117,10,4873392,24830795990
1786428362,19995,221598,3462118,10,4875384,24830796140
1786428422,20055,221598,3462119,0,4875780,24830796140
1786428482,20115,222798,3462095,9,4814812,25019829550
1786428542,20175,222798,3462096,9,4814816,25019829550
1786428602,20235,223998,3462079,10,4815184,25224617789
1786428662,20295,223998,3462080,10,4819336,25224617789
1786428722,20355,225421,3462067,10,4829900,25474000316
1786428782,20415,225598,3462057,10,4833036,25492311308
1786428842,20475,225598,3462058,0,4833040,25492311308
1786428902,20535,227598,3462045,10,4833044,25754978820
1786428963,20596,227998,3462044,10,4785604,25811422598
1786429023,20656,227998,3462045,0,4773828,25811422598
1786429083,20716,229598,3462006,10,4774552,26211965787
1786429143,20776,229998,3462020,10,4774556,26261032927
1786429203,20836,229998,3462020,0,4786220,26261061310
1786429263,20896,231598,3461998,8,4788612,26462715359
1786429323,20956,231998,3461963,8,4788712,26462720650
1786429383,21016,231998,3461963,0,4788716,26462720650
1786429443,21076,233198,3461970,10,4790260,26693733881
1786429503,21136,233598,3461974,10,4790260,26825000567
1786429563,21196,233598,3461974,0,4777012,26825000567
1786429623,21256,234549,3461964,10,4777156,26948611604
1786429683,21316,235198,3461981,9,4781748,27083493689
1786429743,21376,235198,3461982,0,4801540,27083493689
1786429803,21436,235998,3461971,10,4801548,27222406455
1786429864,21497,237198,3461952,10,4803148,27527817682
1786429924,21557,237198,3461953,0,4807692,27527817682
1786429984,21617,237709,3461955,10,4807692,27655839519
1786430044,21677,239198,3461953,10,4807804,27907957569
1786430104,21737,239198,3461954,0,4810904,27907957569
1786430164,21797,239570,3461934,10,4972660,27970439864
1786430224,21857,241145,3461916,10,5040636,28398122064
1786430284,21917,241145,3461917,0,5072960,28398122064
1786430344,21977,241145,3461918,10,5203756,28398122064
1786430404,22037,242686,3461930,10,5270740,28686705500
1786430464,22097,242686,3461930,0,5286296,28686705500
1786430524,22157,242686,3461931,4,5311100,28686705500
1786430584,22217,244666,3461872,10,5197992,29171561021
1786430644,22277,244666,3461873,1,5211532,29171561021
1786430704,22337,244666,3461873,0,5211952,29171561021
1786430764,22397,246180,3461866,10,5224824,29580292691
1786430824,22457,246180,3461867,10,5254552,29580292691
1786430884,22517,246180,3461868,0,5270568,29580292691
1786430944,22577,247780,3461842,10,5225536,29901650187
1786431004,22637,247780,3461843,10,5258276,29901669155
1786431064,22697,247780,3461844,0,5285648,29901669155
1786431124,22757,250180,3461796,10,5245028,30376775732
1786431184,22817,250180,3461797,10,5248848,30376775732
1786431244,22877,250180,3461798,0,5250516,30376775732
1786431304,22937,251780,3461790,10,5253012,30769555304
1786431365,22998,251780,3461790,10,5279720,30769555304
1786431425,23058,251780,3461791,0,5225368,30769555304
1786431485,23118,253380,3461789,10,5225376,31113945065
1786431545,23178,253380,3461790,10,5167684,31113945065
1786431605,23238,253380,3461791,0,5172368,31113973639
1786431665,23298,254980,3461785,9,5116372,31458599690
1786431725,23358,254980,3461786,9,5152948,31458599690
1786431785,23418,254980,3461786,0,5194608,31458599690
1786431845,23478,256580,3461766,9,5199228,31725599750
1786431905,23538,256580,3461767,9,5204640,31725599750
1786431965,23598,258180,3461743,10,5223676,32016142502
1786432025,23658,258580,3461747,10,5206652,32121884403
1786432085,23718,258580,3461747,0,5212104,32121884403
1786432145,23778,260180,3461725,10,5213724,32394165592
1786432205,23838,260180,3461726,10,5181000,32394194163
1786432265,23898,260180,3461726,0,5237268,32394194163
1786432325,23958,262180,3461706,10,5230204,32862896286
1786432385,24018,262180,3461707,10,5231996,32730562167
1786432445,24078,262180,3461708,0,5235304,32730562167
1786432505,24138,263780,3461698,10,5244316,33089855886
1786432565,24198,264180,3461697,10,5246620,33148465838
1786432625,24258,264180,3461697,0,5255732,33148465838
1786432685,24318,265780,3461698,10,5256312,33522139813
1786432745,24378,266180,3461685,10,5256316,33564633624
1786432805,24438,266180,3461686,0,5256320,33564656015
1786432866,24499,267780,3461687,10,5204940,33787597998
1786432926,24559,268980,3461671,10,5095064,34046037598
1786432986,24619,268980,3461672,1,5074392,34046037598
1786433046,24679,269690,3461670,9,5074844,34247811788
1786433106,24739,269756,3461667,9,5074844,34256095302
1786433166,24799,270956,3461665,9,5076248,34438320870
1786433226,24859,270956,3461666,9,5078772,34438320870
1786433286,24919,270956,3461667,0,5079052,34438320870
1786433346,24979,272329,3461636,10,5125248,34734636486
1786433406,25039,273356,3461637,10,5022500,34930952963
1786433466,25099,273356,3461637,0,5032620,34930952963
1786433526,25159,274556,3461636,10,5056312,35134914382
1786433586,25219,274956,3461619,10,5094204,35211460523
1786433646,25279,275991,3461609,10,5094204,35315054002
1786433706,25339,277756,3461600,10,5094208,35664295057
1786433766,25399,277756,3461601,1,5094208,35664295057
1786433826,25459,278328,3461578,10,5094212,35716404512
1786433886,25519,279356,3461585,10,5094212,35900022773
1786433946,25579,279356,3461586,0,5094216,35900022773
1786434006,25639,279674,3461576,9,5094220,36048380992
1786434066,25699,281351,3461571,9,5094220,36236384285
1786434126,25759,281351,3461572,0,5106048,36236384285
1786434186,25819,281633,3461556,9,5106052,36320773679
1786434246,25879,283082,3461547,9,5106056,36673107615
1786434307,25940,283082,3461548,0,5093088,36673107615
1786434367,26000,283482,3461554,10,5093088,16847735580
1786434427,26060,284628,3461536,10,5093088,17008564034
1786434487,26120,284628,3461537,0,5093092,17008564034
1786434547,26180,287028,3461515,10,5046896,17352025586
1786434607,26240,287028,3461516,10,5046900,17352077689
1786434667,26300,287028,3461517,0,5046900,17352077689
1786434727,26360,289028,3461487,10,5046904,17612012637
1786434787,26420,289028,3461488,10,5046904,17612012637
1786434847,26480,289028,3461489,0,5046908,17612012637
1786434907,26540,291683,3461447,10,5046908,18083270280
1786434967,26600,291683,3461448,10,5047600,18083270280
1786435027,26660,291683,3461449,0,5047604,18083270280
1786435087,26720,293683,3461445,10,5049816,18417182063
1786435147,26780,293683,3461446,10,5049816,18417182063
1786435207,26840,293683,3461447,0,5049816,18417234154
1786435267,26900,296083,3461407,9,5049824,18720784202
1786435327,26960,296083,3461407,9,5049832,18720784202
1786435387,27020,296083,3461408,0,5049832,18720784202
1786435447,27080,298035,3461384,10,5049836,19109866578
1786435507,27140,298035,3461385,10,5049840,19109866578
1786435567,27200,298035,3461385,0,5049840,19109866578
1786435627,27260,299635,3461355,10,5049840,19459499666
1786435687,27320,299635,3461356,10,5049840,19459499666
1786435747,27380,301635,3461343,10,5049844,19705729297
1786435808,27441,301635,3461344,10,5049848,19705748269
1786435868,27501,302835,3461330,10,5049848,19885003906
1786435928,27561,303235,3461334,10,5049852,19960374176
1786435988,27621,304835,3461309,10,5049852,20173664029
1786436048,27681,305235,3461316,10,5049852,20211073845
1786436108,27741,305235,3461317,1,5049852,20211073845
1786436168,27801,306835,3461303,10,5049856,20545158960
1786436228,27861,306835,3461303,10,5049860,20545158960
1786436288,27921,306835,3461304,0,5049860,20545158960
1786436348,27981,308930,3461273,10,5049864,20961559347
1786436408,28041,309235,3461280,10,5049864,20921293447
1786436468,28101,309235,3461281,0,4984344,20921293447
1786436528,28161,311088,3461262,10,4984344,21159044907
1786436588,28221,311635,3461258,10,4984344,21225012927
1786436648,28281,311635,3461258,0,4984344,21225012927
1786436708,28341,313134,3461229,10,4984348,21509307186
1786436768,28401,314035,3461224,10,4984348,21659874967
1786436828,28461,314035,3461225,0,4984352,21659874967
1786436888,28521,315635,3461203,10,4984352,21811366270
1786436948,28581,316608,3461194,10,4984360,22026959981
1786437008,28641,316608,3461195,0,4926800,22026992194
1786437068,28701,317514,3461189,10,4926804,22309013986
1786437128,28761,318275,3461188,10,4926804,22442775375
1786437188,28821,318275,3461188,0,4926808,22442775375
1786437248,28881,319294,3461158,9,4926812,22618043703
1786437309,28942,319475,3461144,9,4926812,22640699672
1786437369,29002,319475,3461145,0,4909884,22640699672
1786437429,29062,320616,3461159,10,4909888,22871465626
1786437489,29122,321475,3461133,10,4909888,23038310690
1786437549,29182,321475,3461134,0,4909892,23038310690
1786437609,29242,321974,3461137,9,4909896,23357019523
1786437669,29302,323567,3461122,9,4909896,23751463460
1786437729,29362,323567,3461122,0,4909896,23751463460
1786437789,29422,324212,3461136,10,4909896,23523020215
1786437849,29482,325782,3461110,10,4909900,24238293909
1786437909,29542,326582,3461097,10,4910540,24329291935
1786437969,29602,327382,3461080,10,4912096,24501897460
1786438029,29662,327382,3461081,10,4920292,24501897460
1786438089,29722,329316,3461069,10,5005828,25351284214
1786438149,29782,329316,3461069,0,5006768,25351284214
1786438209,29842,329316,3461070,1,5006768,25351333264
1786438269,29902,330798,3461056,10,5006772,25481845155
1786438329,29962,330798,3461057,7,5006776,25481845155
1786438389,30022,330798,3461057,0,5006780,25481845155
1786438449,30082,332318,3461022,10,5006788,25781768057
1786438509,30142,332318,3461023,10,5006792,25781768057
1786438569,30202,332318,3461024,0,5006792,25781768057
1786438630,30263,334848,3461014,9,5006792,26406201878
1786438690,30323,334848,3461015,9,5006800,26406201878
1786438750,30383,334848,3461015,0,5006800,26406201878
1786438810,30443,337178,3461005,9,5006808,27356410033
1786438870,30503,337178,3461006,9,5006812,27155224676
1786438930,30563,337178,3461007,0,5007376,27155224676
1786438990,30623,339483,3460994,10,5007380,27868971437
1786439050,30683,339792,3460973,10,5008116,27954267305
1786439110,30743,339792,3460974,0,5008124,27954267305
1786439170,30803,341195,3460950,10,5008128,28438272850
1786439230,30863,341195,3460951,10,5008128,28298901542
1786439290,30923,341195,3460952,0,5008128,28298901542
1786439350,30983,342695,3460950,9,5008132,28710430869
1786439410,31043,342695,3460951,9,5024260,28710449841
1786439470,31103,342695,3460952,0,5024264,28710449841
1786439530,31163,344759,3460951,10,5024264,29215373282
1786439590,31223,344759,3460952,10,5024268,29215373432
1786439650,31283,344759,3460953,0,5024528,29215373432
1786439710,31343,346796,3460923,10,5024532,29755860116
1786439770,31403,347178,3460911,10,5024536,29880564714
1786439830,31463,347178,3460912,0,5024536,29880564714
1786439891,31524,349178,3460917,10,5024540,29961108559
1786439951,31584,349578,3460903,10,5024544,30037524829
1786440011,31644,349578,3460904,0,5024548,30037577143
1786440071,31704,351178,3460891,10,5024552,30200925737
1786440131,31764,351578,3460897,10,5024552,30285380966
1786440191,31824,351578,3460898,0,5024556,30285380966
1786440251,31884,353153,3460872,10,5024564,30410050230
1786440311,31944,353178,3460875,10,5024568,30410123697
1786440371,32004,353178,3460876,0,5024616,30410123697
1786440431,32064,355178,3460849,10,5031468,30559276447
1786440491,32124,355178,3460850,10,5031840,30559276447
1786440551,32184,355178,3460851,0,5031840,30559276447
1786440611,32244,356598,3460850,10,5031844,30841728272
1786440671,32304,357020,3460832,10,5031848,30853704456
1786440731,32364,357020,3460833,0,5031856,30853704456
1786440791,32424,358038,3460831,10,5032296,31167526505
1786440851,32484,359114,3460816,10,5053032,31426348739
1786440911,32544,359114,3460817,0,5053056,31426348739
1786440971,32604,360256,3460818,9,5053316,31742517711
1786441031,32664,361630,3460811,9,5053316,31981451295
1786441091,32724,361630,3460812,0,5004496,31981451295
1786441152,32785,362781,3460800,10,5004500,32172563653
1786441212,32845,363181,3460799,10,5004500,32193042723
1786441272,32905,363981,3460792,10,5004508,32367530179
1786441332,32965,364781,3460769,10,5004512,32235314340
1786441392,33025,364781,3460770,0,5004516,32235314340
1786441452,33085,365581,3460756,10,5004520,32342569570
1786441512,33145,365981,3460778,10,5004524,32359444572
1786441572,33205,365981,3460778,0,4992236,32359444572
1786441632,33265,366381,3460753,8,4992236,32379730261
1786441692,33325,367181,3460761,8,4992240,32438773557
1786441752,33385,367181,3460762,0,4992248,32438773557
1786441812,33445,367181,3460763,10,4992248,32438795734
1786441872,33505,369581,3460732,10,4992252,32599167033
1786441932,33565,369581,3460733,0,4974572,32599167033
1786441992,33625,369581,3460733,1,4986848,32599167033
1786442052,33685,369581,3460734,1,4987068,32599167033
1786442112,33745,369581,3460735,0,4987796,32599167033
1786442172,33805,369581,3460736,0,4987796,32599167033
1786442232,33865,375581,3460687,10,4987796,32984023356
1786442292,33925,379981,3460627,10,4987888,33202852974
1786442352,33985,385581,3460611,8,4987888,33475068567
1786442413,34046,390781,3460521,7,4988640,33771642781
1786442473,34106,396334,3460527,7,4988640,34058819472
1786442533,34166,401581,3460490,8,4988640,34361032618
1786442593,34226,407581,3460455,10,4988640,34637894784
1786442653,34286,413581,3460380,10,4988640,34855503857
1786442713,34346,419581,3460324,10,4988644,35066170522
1786442773,34406,425581,3460276,10,4988644,35498361604
1786442833,34466,431581,3460215,10,4988644,35594242289
1786442893,34526,437581,3460164,10,4988644,35977302596
1786442953,34586,443581,3460108,10,4988648,36243925480
1786443013,34646,449581,3460037,10,4988648,36474187115
1786443073,34706,455581,3460002,10,4989948,36666319504
1786443133,34766,461593,3459942,10,4989952,36867464057
1786443193,34826,467825,3459887,10,4989952,37101993504
1786443253,34886,473449,3459845,10,4989952,37626679540
1786443313,34946,479686,3459773,10,4989824,37787892333
1786443373,35006,485686,3459709,10,4989824,38064104421
1786443433,35066,491779,3459637,10,4989824,38285719960
1786443494,35127,497686,3459612,10,4989828,38396472118
1786443554,35187,504086,3459514,10,4989828,38605086992
1786443614,35247,510014,3459482,10,4989828,38844038273
1786443674,35307,516086,3459429,10,4989828,39054520527
1786443734,35367,522086,3459384,10,4989828,39273265200
1786443794,35427,528086,3459326,10,4990820,39496464538
1786443854,35487,534086,3459271,10,4990832,39738142451
1786443914,35547,540086,3459220,10,4990832,39955000844
1786443974,35607,546086,3459157,10,4990832,40224474205
1786444034,35667,551935,3459082,10,4990836,40346903381
1786444094,35727,557780,3459048,10,4990836,40634110848
1786444154,35787,563709,3459008,10,4990836,40836732826
1786444214,35847,569686,3458936,10,4990836,41074410542
1786444274,35907,575686,3458885,10,4990836,41287307063
1786444334,35967,581686,3458827,10,4990996,41543176294
1786444394,36027,587649,3458788,10,4991116,42240440890
1786444454,36087,593249,3458708,10,4991116,42467762103
1786444515,36148,599065,3458676,10,4991116,42930554022
1786444575,36208,604750,3458622,10,4991116,43758553514
1786444635,36268,610849,3458569,10,4991116,42245701448
1786444695,36328,616849,3458523,10,4991116,42470852862
1786444755,36388,622849,3458470,10,4991124,42726036316
1786444815,36448,628849,3458399,10,4991124,43028395003
1786444875,36508,634849,3458348,10,4991124,43160644485
1786444935,36568,640849,3458307,10,4991124,43226262576
1786444995,36628,646849,3458240,10,4991124,43380976142
1786445055,36688,652449,3458190,10,4991124,43528344668
1786445115,36748,658449,3458151,10,4991136,43692293230
1786445175,36808,664449,3458126,10,4991140,43753643083
1786445235,36868,670527,3458099,10,4991140,43883095643
1786445295,36928,676449,3458065,10,4991140,43938064042
1786445355,36988,682849,3458043,10,4991144,43995184688
1786445415,37048,688849,3458014,10,4991144,44107052818
1786445475,37108,694849,3457990,10,4991144,44200003142
1786445536,37169,701249,3457957,10,4991144,44399766693
1786445596,37229,707249,3457928,10,4991144,44511579165
1786445656,37289,713249,3457906,10,4991780,44598851156
1786445716,37349,719249,3457878,10,4991784,44685555268
1786445776,37409,725249,3457841,10,4991796,44815036959
1786445836,37469,731249,3457829,10,4991796,44938935819
1786445896,37529,737249,3457798,10,4991796,45030302734
1786445956,37589,743649,3457752,10,4991796,45094592592
1786446016,37649,749249,3457732,10,4991796,45268491039
1786446076,37709,755249,3457704,10,4991800,45314046814
1786446136,37769,761249,3457672,10,4991800,45464286836
1786446196,37829,767249,3457650,10,4991800,45586284465
1786446256,37889,773249,3457616,10,4991800,45664729110
1786446316,37949,779249,3457589,10,4991800,45782677510
1786446376,38009,784849,3457571,10,4991808,45864195533
1786446437,38070,790849,3457537,10,4991816,46089914863
1786446497,38130,796849,3457509,10,4991816,46205571411
1786446557,38190,802849,3457476,10,4991820,46288696725
1786446617,38250,808849,3457452,10,4991820,44928702568
1786446677,38310,814860,3457437,10,4991828,44865792919
1786446737,38370,821231,3457408,10,4991832,45010536041
1786446797,38430,827249,3457380,10,4991832,45124218735
1786446857,38490,833249,3457347,10,4991832,45279724378
1786446917,38550,839249,3457313,10,4991832,45431416291
1786446977,38610,845249,3457297,10,4991832,45503323890
1786447037,38670,851649,3457253,10,4991832,45645029486
1786447097,38730,857649,3457237,10,4991836,45809301405
1786447157,38790,863649,3457211,10,4991836,45895790874
1786447217,38850,869649,3457180,10,4991836,46040062887
1786447277,38910,875649,3457150,10,4991836,46178956078
1786447337,38970,881649,3457126,10,4991836,46329783358
1786447398,39031,888049,3457096,10,4991840,46393909756
1786447458,39091,894049,3457058,10,4991840,46460930619
1786447518,39151,900449,3457035,10,4991844,46526795245
1786447578,39211,906449,3456985,10,4991844,46671241580
1786447638,39271,912735,3456959,10,4991844,46760560043
1786447698,39331,918849,3456933,10,4991988,46976706188
1786447758,39391,925242,3456902,10,4991988,47101162961
1786447818,39451,931249,3456873,10,4991988,47222691457
1786447878,39511,937649,3456843,10,4991988,47402791365
1786447938,39571,944047,3456808,10,4991988,47516267756
1786447998,39631,950049,3456778,10,4991988,47704615243
1786448058,39691,956449,3456744,10,4991988,47845548136
1786448118,39751,962449,3456729,10,4991988,48038652526
1786448178,39811,968849,3456691,10,4991992,48346331159
1786448238,39871,974849,3456676,10,4991992,48529290786
1786448298,39931,981145,3456640,10,4991992,48770008368
1786448359,39992,987249,3456617,10,4991992,48921139065
1786448419,40052,993649,3456583,10,4991992,49210380949
1786448479,40112,999649,3456559,9,4991996,36856099285
1786448539,40172,1006049,3456531,9,4991996,37115615652
1786448599,40232,1012049,3456502,10,4991996,37406476868
1786448659,40292,1018449,3456477,10,4992020,37533730394
1786448719,40352,1024449,3456437,10,4992020,37713426406
1786448779,40412,1030849,3456407,10,4992024,37894908608
1786448839,40472,1036849,3456390,10,4992024,38043428206
1786448899,40532,1043249,3456361,10,4992024,38256381921
1786448959,40592,1049649,3456331,10,4992024,38471127409
1786449019,40652,1055677,3456280,10,4992024,38642629905
1786449079,40712,1062049,3456251,10,4992024,38783498035
1786449139,40772,1068318,3456228,10,4992024,38977814091
1786449199,40832,1074599,3456197,10,4992028,39223189582
1786449259,40892,1080849,3456151,10,4992028,39353024301
1786449319,40952,1087227,3456122,9,4992028,39606208276
1786449380,41013,1093227,3456087,9,4992028,39718851105
1786449440,41073,1099627,3456056,10,4992028,39999244142
1786449500,41133,1105627,3456025,10,4992028,40275885399
1786449560,41193,1111873,3455994,10,4992028,40590073360
1786449620,41253,1118027,3455958,10,4992028,40668982031
1786449680,41313,1124027,3455922,10,4992028,40863336514
1786449740,41373,1130027,3455890,10,4992028,41235839827
1786449800,41433,1136427,3455860,10,4992032,41595144262
1786449860,41493,1142427,3455826,10,4992044,41812575298
1786449920,41553,1148427,3455796,10,4992044,42062560184
1786449980,41613,1154827,3455752,10,4992044,42347534631
1786450040,41673,1160887,3455728,10,4992044,42570386462
1786450100,41733,1167227,3455697,10,4992048,42799614294
1786450160,41793,1173311,3455664,10,4992048,42949220228
1786450220,41853,1179627,3455618,10,4992052,43184712957
1786450280,41913,1185627,3455593,10,4992052,43494601576
1786450340,41973,1191627,3455572,10,4992052,43635212496
1786450401,42034,1198027,3455536,10,4992052,43920988061
1786450461,42094,1204027,3455502,10,4992064,44192626134
1786450521,42154,1210027,3455476,10,4992064,44448647971
1786450581,42214,1216010,3455449,10,4992064,44849158546
1786450641,42274,1222393,3455393,10,4992064,45067395670
1786450701,42334,1228393,3455372,10,4992064,45356452731
1786450761,42394,1234393,3455344,10,4992068,45545556316
1786450821,42454,1240393,3455301,10,4992068,45767714710
1786450881,42514,1246393,3455274,10,4992068,45964924634
1786450941,42574,1252444,3455249,10,4992068,46176232515
1786451001,42634,1258793,3455203,10,4992072,46433349086
1786451061,42694,1264793,3455160,10,4992076,46611426779
1786451121,42754,1271193,3455115,10,4992076,46915921918
1786451181,42814,1277193,3455093,10,4992080,47068601404
1786451241,42874,1283593,3455056,10,4992080,47271683772
1786451301,42934,1289593,3455009,10,4992080,47481836511
1786451362,42995,1295593,3454985,10,4992080,47624346566
1786451422,43055,1301993,3454947,10,4992084,47828448148
1786451482,43115,1307993,3454920,10,4992084,48046387011
1786451542,43175,1314393,3454879,10,4992084,48364163948
1786451602,43235,1320503,3454837,10,4992096,48632629291
1786451662,43295,1326793,3454829,10,4992096,48843223155
1786451722,43355,1332793,3454784,10,4992096,49023707885
1786451782,43415,1339193,3454747,10,4992096,49173790142
1786451842,43475,1345193,3454717,10,4992096,49381616550
1786451902,43535,1351593,3454682,10,4992100,49657637459
1786451962,43595,1357593,3454655,10,4992100,49958637741
1786452022,43655,1363593,3454618,10,4992100,50122289839
1786452082,43715,1369993,3454583,10,4992104,50290730278
1786452142,43775,1376393,3454546,10,4992104,50532643233
1786452202,43835,1382393,3454512,10,4992108,50765848223
1786452262,43895,1388793,3454475,10,4992108,50899293481
1786452323,43956,1395193,3454431,10,4992108,51107960437
1786452383,44016,1401193,3454398,10,4992124,51331124594
1786452443,44076,1407506,3454363,10,4992124,51621364714
1786452503,44136,1413506,3454323,10,4992124,51846837420
1786452563,44196,1419506,3454297,10,4992128,52053583828
1786452623,44256,1425506,3454258,10,4992128,52285802494
1786452683,44316,1431718,3454230,10,4992128,52474384864
1786452743,44376,1437906,3454193,10,4992128,52668335130
1786452803,44436,1443906,3454161,10,4992140,52952433847
1786452863,44496,1449906,3454122,10,4992140,53148664664
1786452923,44556,1455906,3454086,10,4992140,53425309583
1786452983,44616,1461906,3454065,10,4992140,53614951470
1786453043,44676,1467906,3454026,10,4992140,53809884958
1786453103,44736,1473906,3453992,10,4992144,53960197744
1786453163,44796,1479913,3453972,10,4992148,54075364274
1786453224,44857,1486306,3453926,10,4992148,54253068139
1786453284,44917,1492306,3453905,10,4992148,54462481972
1786453344,44977,1498631,3453879,10,4992148,54694869246
1786453404,45037,1504631,3453839,10,4992152,54867996051
1786453464,45097,1510631,3453821,10,4992152,55021939084
1786453524,45157,1517031,3453779,10,4992152,55262046399
1786453584,45217,1523031,3453752,10,4992152,55352306307
1786453644,45277,1529031,3453724,10,4992152,51844496934
1786453704,45337,1535431,3453700,10,4992156,52044911892
1786453764,45397,1541431,3453662,10,4992156,52167185789
1786453824,45457,1547431,3453631,10,4992156,52373812413
1786453884,45517,1553431,3453598,10,4992156,52491782826
1786453944,45577,1559431,3453566,10,4992156,52663374115
1786454004,45637,1565492,3453532,10,4992156,52768205471
1786454064,45697,1571831,3453514,10,4992172,52983123140
1786454124,45757,1577831,3453478,11,4992176,53200441456
1786454184,45817,1583831,3453446,11,4992176,53306083303
1786454245,45878,1590231,3453423,11,4992176,53465180647
1786454305,45938,1595639,3453392,11,4992176,54313166470
1786454365,45998,1601639,3453361,11,4992176,54521133481
1786454425,46058,1607639,3453330,11,4992176,54623422228
1786454485,46118,1614039,3453308,11,4992176,54672186944
1786454545,46178,1620039,3453272,11,4992180,54903838386
1786454605,46238,1626039,3453236,11,4992180,55056008285
1786454665,46298,1632049,3453223,11,4992184,55217018071
1786454725,46358,1638439,3453186,11,4992184,55358722595
1786454785,46418,1644439,3453145,11,4992184,55500392849
1786454845,46478,1650839,3453115,12,4992184,55618165777
1786454905,46538,1656839,3453081,12,4992188,55844998454
1786454965,46598,1662839,3453047,11,4992188,56051693134
1786455025,46658,1668839,3453011,11,4992192,56174320174
1786455085,46718,1675239,3452985,11,4992192,56341571126
1786455145,46778,1681239,3452958,11,4992192,56534331537
1786455206,46839,1687239,3452910,11,4992192,56654291209
1786455266,46899,1693239,3452892,11,4992192,56788954255
1786455326,46959,1699239,3452854,10,4992196,56892757273
1786455386,47019,1705239,3452820,10,4992196,54702753816
1786455446,47079,1709133,3452801,11,4992196,56611463440
1786455506,47139,1712476,3452784,11,4992196,58920744405
1786455567,47200,1715311,3452770,11,4992196,58662149266
1786455628,47261,1717523,3452745,11,4992200,61385775542
1786455689,47322,1721659,3452739,11,4992212,60584828330
1786455749,47382,1723719,3452725,11,4992212,61288846481
1786455814,47447,1725447,3452721,11,4992212,62214443098
1786455878,47511,1726981,3452708,11,4992212,63120601698
1786455941,47574,1728396,3452699,10,4992216,64039246507
1786456012,47645,1729435,3452686,9,4992280,54785554232
1786456086,47719,1730198,3452695,9,4992280,55741717377
1786456160,47793,1730954,3452695,9,4992280,56915209057
1786456237,47870,1731683,3452690,9,4992280,57983859121
1786456310,47943,1732368,3452682,9,4992288,59030578853
1786456379,48012,1733217,3452680,9,4992288,59995750302
1786456455,48088,1733819,3452678,9,4992288,61068835511
1786456527,48160,1734442,3452679,9,4992288,62235738471
1786456603,48236,1735101,3452681,9,4992288,63286174684
1786456677,48310,1735654,3452668,9,4992292,64401598962
1786456757,48390,1736294,3452665,9,4992292,65564456565
1786456829,48462,1736905,3452653,9,4992296,66629932828
1786456901,48534,1737593,3452661,9,4992296,67748357268
1786456979,48612,1738189,3452651,9,4992296,68933156419
1786457058,48691,1738831,3452663,9,4992296,70042910333
1786457133,48766,1739467,3452658,9,4992300,71215794304
1786457209,48842,1740251,3452652,9,4992300,72376268653
1786457278,48911,1741556,3452648,10,4992300,73322362420
1786457344,48977,1742093,3452637,10,4992300,74352226790
1786457416,49049,1742873,3452639,10,4992300,73354870454
1786457485,49118,1744627,3452634,10,4992300,75035878921
1786457553,49186,1748394,3452613,10,4927008,76531756737
1786457623,49256,1749008,3452613,10,4927008,77511605877
1786457701,49334,1749622,3452612,10,4927012,76415378662
1786457776,49409,1750528,3452609,10,4927012,77625302563
1786457848,49481,1751466,3452603,10,4927012,78550055502
1786457916,49549,1752147,3452600,10,4927016,79594421959
1786457995,49628,1752783,3452595,10,4927016,79704300222
1786458068,49701,1753422,3452592,10,4927016,80870426840
1786458145,49778,1754152,3452590,10,4927016,81398793577
1786458219,49852,1754895,3452585,10,4927016,78965638634
1786458292,49925,1755622,3452583,10,4927016,79997537077
1786458367,50000,1756388,3452586,10,4927016,81069023535
1786458439,50072,1757125,3452572,10,4927016,82123809628
1786458512,50145,1757897,3452581,10,4927020,83258952231
1786458583,50216,1758747,3452571,10,4927020,84279357409
1786458658,50291,1759435,3452569,10,4927020,83272196682
1786458733,50366,1760092,3452566,10,4927024,84330508987
1786458808,50441,1760791,3452564,11,4927024,85504753387
1786458882,50515,1761573,3452558,12,4927024,86632411580
1786458955,50588,1762483,3452565,12,4927024,86404868118
1786459036,50669,1763120,3452561,12,4927028,87476738045
1786459111,50744,1763727,3452559,12,4927028,87729023379
1786459184,50817,1764319,3452553,12,4927028,88822861006
1786459258,50891,1764909,3452549,12,4927028,80620693324
1786459336,50969,1765537,3452562,12,4927028,81803310212
1786459416,51049,1766191,3452542,12,4927032,82995338350
1786459491,51124,1767048,3452538,12,4927036,84545710683
1786459566,51199,1767882,3452552,12,4927040,85899623740
1786459634,51267,1768615,3452542,12,4927040,87347616824
1786459705,51338,1769359,3452537,12,4926912,88988350948
1786459773,51406,1770331,3452533,11,4926912,90771045223
1786459842,51475,1771113,3452526,12,4926912,92515527426
1786459912,51545,1771942,3452517,12,4926916,94427581909
1786459982,51615,1772721,3452521,12,4926916,96112086972
1786460054,51687,1773577,3452517,12,4926916,97509662730
1786460130,51763,1774306,3452524,12,4926916,98559233472
1786460195,51828,1775326,3452519,12,4926916,99015284302
1786460262,51895,1776134,3452509,12,4926916,98266196036
1786460333,51966,1776913,3452516,12,4926916,99906652315
1786460401,52034,1778039,3452495,13,4926916,101325892076
1786460472,52105,1779037,3452500,14,4926916,101846995435
1786460541,52174,1780014,3452488,13,4926916,102016472098
1786460614,52247,1780848,3452493,13,4926916,103582102450
1786460682,52315,1781557,3452483,13,4926916,103921816141
1786460754,52387,1782301,3452485,13,4926916,102686893231
1786460823,52456,1782961,3452493,13,4926916,104122378479
1786460899,52532,1783544,3452481,13,4926944,105368599311
1786460975,52608,1784134,3452484,13,4925196,106674126039
1786461050,52683,1784732,3452482,13,4924872,107911209281
1786461125,52758,1785313,3452480,14,4924836,105829834939
1786461201,52834,1785859,3452480,13,4924792,107065444185
1786461273,52906,1786405,3452477,12,4924848,108404365811
1786461353,52986,1786962,3452471,13,4924796,109707247243
1786461428,53061,1787593,3452473,13,4924868,111207542939
1786461507,53140,1788205,3452468,13,4924872,110499172897
1786461582,53215,1788832,3452466,14,4924824,111922042357
1786461655,53288,1789532,3452467,14,4924720,113359301957
1786461728,53361,1790426,3452462,15,4924668,113152022834
1786461801,53434,1791226,3452458,15,4924628,114383999709
1786461872,53505,1792116,3452465,15,4924648,112190857568
1786461941,53574,1792942,3452460,15,4924700,107958989072
1786462017,53650,1793731,3452455,15,4924776,109209055749
1786462087,53720,1794442,3452450,15,4924692,110407540371
1786462165,53798,1795056,3452456,15,4924648,111634032257
1786462240,53873,1795724,3452454,15,4924680,112908308996
1786462315,53948,1796397,3452441,15,4924680,113968143029
1786462393,54026,1797024,3452437,14,4924644,115202097126
1786462469,54102,1797670,3452441,14,4924688,116428479354
1786462543,54176,1798348,3452439,14,4924624,117644524096
1786462620,54253,1799036,3452435,15,4924696,118876697238
1786462694,54327,1799853,3452440,15,4924680,120100154069
1786462763,54396,1802307,3452421,16,4924696,121326784242
1786462827,54460,1802701,3452430,16,4924708,122268883338
1786462905,54538,1803333,3452423,15,4924600,123395781270
1786462984,54617,1803963,3452426,15,4924680,122387180387
1786463062,54695,1804619,3452426,15,4924688,123744377135
1786463135,54768,1805229,3452406,17,4924644,125000336219
1786463209,54842,1805878,3452414,17,4924732,125502857892
1786463290,54923,1806499,3452412,16,4924680,126734656973
1786463365,54998,1807128,3452399,16,4924680,126566956089
1786463439,55072,1807780,3452402,16,4924668,127854520887
1786463512,55145,1808393,3452409,16,4924656,127933458185
1786463588,55221,1809100,3452397,16,4924668,129324961348
1786463661,55294,1810518,3452394,17,4924684,125655253454
1786463739,55372,1811257,3452391,17,4924668,126888525983
1786463809,55442,1811947,3452390,16,4924712,128098971171
1786463885,55518,1812643,3452387,17,4924716,129418221582
1786463957,55590,1813315,3452381,17,4925364,130668936881
1786464033,55666,1813952,3452390,17,4925376,131894777124
1786464109,55742,1814621,3452377,18,4925316,133221690988
1786464182,55815,1815290,3452377,20,4925336,134114040325
1786464255,55888,1815736,3452377,20,4925344,133759413038
1786464317,55950,1815736,3452378,20,4925348,133759413038
1786464379,56012,1815736,3452379,20,4925304,133759413038
1786464442,56075,1815736,3452380,19,4925300,133759413038
1786464504,56137,1815736,3452381,19,4925272,133759413038
1786464567,56200,1815736,3452382,20,4925308,133759413038
1786464629,56262,1815736,3452382,18,4925260,133759442622
1786464692,56325,1816000,3452384,19,4925236,134477164285
1786464764,56397,1817374,3452381,22,4925264,134829638436
1786464839,56472,1818075,3452379,21,4925276,136184390484
1786464912,56545,1818743,3452370,20,4925260,136155931375
1786464990,56623,1819407,3452369,19,4925268,137500755432
1786465064,56697,1820126,3452360,20,4925292,136731194475
1786465138,56771,1820890,3452361,20,4925284,138045052936
1786465207,56840,1821806,3452361,21,4925292,139404587498
1786465277,56910,1822765,3452358,21,4925256,138068487898
1786465345,56978,1830071,3452321,20,4925344,139210788634
1786465408,57041,1831009,3452320,20,4925264,140628073603
1786465480,57113,1831737,3452308,20,4925308,142372879436
1786465554,57187,1832515,3452317,21,4925328,138655870395
1786465623,57256,1833322,3452302,22,4925360,140308408128
1786465695,57328,1834238,3452310,22,4925280,141993219075
1786465767,57400,1835226,3452304,23,4925332,143767106506
1786465836,57469,1836553,3452302,23,4925316,145407518644
1786465897,57530,1837853,3452293,22,4925316,145717512811
1786465959,57592,1839181,3452289,22,4925292,148224398064
1786466021,57654,1840345,3452285,22,4925288,150100716452
1786466083,57716,1841543,3452285,22,4925244,151244546603
1786466145,57778,1842709,3452278,21,4925644,152664444154
1786466207,57840,1843903,3452270,23,4925660,150349386232
1786466269,57902,1845170,3452262,23,4925628,152935560144
1786466332,57965,1846364,3452262,23,4925584,154983727183
1786466393,58026,1847567,3452252,23,4925596,157533210561
1786466455,58088,1848798,3452248,23,4925612,159015072956
1786466517,58150,1850166,3452244,23,4925640,159589462882
1786466579,58212,1851483,3452238,23,4925616,159550284950
1786466641,58274,1852822,3452230,23,4925616,162071298154
1786466702,58335,1854155,3452226,23,4925660,158224895818
1786466765,58398,1855428,3452213,22,4925676,160716879477
1786466826,58459,1856672,3452217,23,4925652,163236872712
1786466890,58523,1857965,3452207,23,4925700,165791689200
1786466951,58584,1859298,3452203,22,4925672,166753759409
1786467013,58646,1860878,3452186,22,4925676,169182619818
1786467074,58707,1862211,3452193,23,4925708,171671465907
1786467136,58769,1863575,3452182,23,4925740,171692412141
1786467197,58830,1864846,3452178,23,4925716,173844373401
1786467258,58891,1866170,3452168,23,4925768,173723242559
1786467320,58953,1867316,3452174,23,4925708,175820105515
1786467381,59014,1868439,3452163,23,4925716,176650613430
1786467443,59076,1869557,3452161,23,4925672,170507099551
1786467505,59138,1870611,3452160,23,4925716,172719252059
1786467567,59200,1871716,3452154,23,4925716,174927536674
1786467629,59262,1872808,3452154,23,4925680,177174258285
1786467690,59323,1873847,3452145,23,4925680,179450871176
1786467752,59385,1874863,3452142,22,4925724,181775940964
1786467814,59447,1875830,3452137,22,4925724,184062632633
1786467876,59509,1876872,3452133,22,4925724,184911546939
1786467938,59571,1877994,3452131,23,4925680,185993219290
1786468000,59633,1879159,3452128,23,4925724,180846209173
1786468062,59695,1880591,3452123,23,4925648,183446500303
1786468124,59757,1881695,3452115,23,4925632,185841405920
1786468186,59819,1882884,3452117,23,4925664,188495820736
1786468248,59881,1884104,3452103,23,4925640,191035236186
1786468310,59943,1885404,3452106,24,4925668,193666506537
1786468371,60004,1886698,3452098,25,4925676,193925297218
1786468433,60066,1887905,3452090,25,4925640,196535656600
1786468495,60128,1889203,3452091,23,4925688,198354966213
1786468557,60190,1895285,3452064,23,4925680,198907211858
1786468618,60251,1896622,3452052,24,4925680,200231470091
1786468680,60313,1908265,3451998,25,4925696,198803311525
1786468740,60373,1912754,3451972,24,4925704,200920746539
1786468800,60433,1914552,3451962,24,4925696,203427769870
1786468862,60495,1915977,3451954,26,4925652,200156825305
1786468923,60556,1917462,3451947,24,4925704,202700016673
1786468985,60618,1920889,3451937,24,4925696,204942758092
1786469047,60680,1922184,3451931,25,4925700,207491408573
1786469108,60741,1923634,3451925,24,4925672,207218565258
1786469170,60803,1925055,3451918,24,4925708,209716333858
1786469232,60865,1926370,3451911,24,4925708,212445994291
1786469293,60926,1927629,3451904,24,4925576,207205644329
1786469355,60988,1929087,3451909,24,4925544,209673957023
1786469417,61050,1930688,3451903,24,4925584,212239465894
1786469479,61112,1932227,3451889,23,4925584,214749247834
1786469540,61173,1933610,3451883,23,4925552,217340367205
1786469602,61235,1935038,3451878,23,4925516,217694971453
1786469664,61297,1936532,3451876,22,4925516,220276464278
1786469726,61359,1938023,3451874,22,4925540,221984950564
1786469788,61421,1939452,3451865,22,4925568,223184681870
1786469850,61483,1940757,3451863,22,4925476,224521644472
1786469912,61545,1942125,3451860,22,4925528,221822921583
1786469973,61606,1944124,3451845,23,4925564,224374918295
1786470034,61667,1946903,3451824,23,4925528,223675150395
1786470095,61728,1950184,3451816,23,4925528,226118938494
1786470155,61788,1954119,3451789,23,4925456,228508759847
1786470216,61849,1956974,3451779,24,4925500,230899971858
1786470277,61910,1959616,3451765,25,4925488,233346228585
1786470338,61971,1962063,3451763,26,4925512,233028302998
1786470399,62032,1964349,3451735,26,4925528,235503715579
1786470460,62093,1966578,3451734,25,4925588,231959263387
1786470521,62154,1969600,3451721,25,4925544,234355738738
1786470582,62215,1974774,3451696,24,4925588,236470708079
1786470643,62276,1976796,3451676,24,4925444,238923518970
1786470704,62337,1978360,3451683,24,4925456,239888170498
1786470765,62398,1980106,3451676,26,4925436,242356971325
1786470827,62460,1982095,3451657,26,4925436,242525390891
1786470888,62521,1984182,3451640,25,4925368,244994496942
1786470949,62582,1986951,3451629,25,4925200,245260958593
1786471010,62643,1990548,3451624,24,4925292,247571831472
1786471070,62703,1994261,3451602,24,4925280,248595285617
1786471131,62764,1997647,3451589,24,4925276,242357647266
1786471192,62825,2000619,3451571,25,4925340,244549762568
1786471253,62886,2003345,3451550,25,4925340,246771781288
1786471314,62947,2006232,3451545,26,4925344,248969721194
1786471374,63007,2011759,3451516,27,4925376,250708398960
1786471435,63068,2014628,3451500,27,4925300,252957259647
1786471496,63129,2017447,3451492,27,4925336,255174226368
1786471557,63190,2020177,3451489,28,4925344,257402100260
1786471618,63251,2022901,3451466,27,4925324,257911771320
1786471679,63312,2025894,3451452,27,4925348,258938619979
1786471739,63372,2028953,3451448,27,4925176,253830636233
1786471800,63433,2031988,3451427,28,4925188,256106062704
1786471861,63494,2035711,3451400,28,4925176,258339397210
1786471921,63554,2038661,3451393,27,4925200,260655110120
1786471982,63615,2041588,3451384,27,4925160,262916424676
1786472043,63676,2044854,3451369,27,4925164,265031482149
1786472104,63737,2047679,3451341,30,4925168,267249509668
1786472165,63798,2050519,3451337,30,4925172,267259012824
1786472225,63858,2053296,3451327,28,4925152,269488264182
1786472286,63919,2056005,3451310,28,4925204,269600220048
1786472347,63980,2061430,3451293,27,4925204,271601303760
1786472408,64041,2066111,3451251,27,4925128,272579244908
1786472468,64101,2073577,3451216,27,4925168,273769527358
1786472528,64161,2078671,3451198,27,4925180,267863219730
1786472588,64221,2082945,3451161,27,4925204,269899811043
1786472649,64282,2086696,3451157,27,4925172,271956317003
1786472710,64343,2090583,3451123,27,4925156,273936972034
1786472770,64403,2094281,3451104,27,4925192,276017407198
1786472831,64464,2099883,3451086,27,4925128,277738838639
1786472891,64524,2106169,3451046,27,4925088,279432841937
1786472951,64584,2113563,3451008,27,4925168,280713683142
1786473012,64645,2122266,3450970,28,4925168,278416660850
1786473073,64706,2129606,3450933,28,4925204,280005289236
1786473133,64766,2136914,3450890,27,4925168,281741585145
1786473193,64826,2144413,3450859,27,4925176,283216712271
1786473253,64886,2151234,3450822,27,4925176,284167895991
1786473314,64947,2158563,3450792,28,4925220,278649057118
1786473375,65008,2166090,3450747,28,4925176,279990339694
1786473435,65068,2173644,3450703,27,4925216,281097803775
1786473496,65129,2186840,3450652,27,4925216,281872761804
1786473556,65189,2202054,3450560,27,4925216,282562808080
1786473616,65249,2217560,3450478,28,4925216,283125503689
1786473676,65309,2233260,3450395,28,4925192,283719195384
1786473736,65369,2248962,3450313,27,4925192,284340704148
1786473797,65430,2264427,3450237,27,4925196,282778785731
1786473857,65490,2280210,3450147,28,4925148,283284318557
1786473917,65550,2295098,3450082,31,4925136,283853068623
1786473977,65610,2311498,3449991,31,4925204,284120313111
1786474037,65670,2327498,3449916,28,4925184,284454479705
1786474097,65730,2343550,3449834,29,4925152,284788619443
1786474157,65790,2359552,3449755,29,4925196,285025820380
1786474217,65850,2376298,3449675,29,4925180,285393597821
1786474277,65910,2392298,3449587,30,4925188,285643793912
1786474337,65970,2408698,3449500,30,4925144,285911351512
1786474397,66030,2425498,3449431,29,4925144,286246324506
1786474458,66091,2442006,3449339,29,4925188,286613103355
1786474518,66151,2458806,3449253,29,4925180,286911360512
1786474578,66211,2475206,3449164,28,4925180,287196468541
1786474638,66271,2491206,3449095,29,4925140,287511557388
1786474698,66331,2505220,3449020,29,4925184,288287556637
1786474758,66391,2521429,3448940,28,4925140,289046616191
1786474818,66451,2536967,3448852,28,4925176,289770469377
1786474878,66511,2552006,3448774,28,4925144,286970199648
1786474938,66571,2566967,3448699,28,4925192,287446086160
1786474998,66631,2582353,3448627,29,4925148,288057887499
1786475059,66692,2597884,3448542,30,4925196,288644114587
1786475119,66752,2612991,3448488,30,4925164,289172083290
1786475179,66812,2629577,3448396,30,4925164,289667725813
1786475239,66872,2646227,3448316,30,4925156,290284481245
1786475299,66932,2662507,3448236,30,4925156,290910296848
1786475359,66992,2678806,3448154,30,4925160,291392527304
1786475419,67052,2695137,3448079,30,4925124,291884911196
1786475479,67112,2712230,3448009,30,4925132,284317992949
1786475539,67172,2728808,3447921,29,4925204,284695284731
1786475600,67233,2746006,3447832,29,4925136,284935262736
1786475660,67293,2763091,3447744,29,4925164,285147628331
1786475720,67353,2780406,3447650,29,4925192,285476780666
1786475780,67413,2797606,3447570,30,4925200,285706310195
1786475840,67473,2814729,3447488,31,4925208,285996022738
1786475900,67533,2831606,3447398,31,4925260,286192301577
1786475960,67593,2848406,3447317,30,4925176,286417577229
1786476020,67653,2864806,3447243,29,4925188,286711461854
1786476080,67713,2882279,3447161,29,4925160,286941745067
1786476140,67773,2899206,3447061,29,4925160,287227058782
1786476200,67833,2916762,3446980,29,4925116,287519824272
1786476260,67893,2933606,3446901,29,4925220,287772237422
1786476321,67954,2950545,3446824,29,4925140,288166092813
1786476381,68014,2967606,3446736,29,4925176,288418135331
1786476441,68074,2984806,3446640,29,4925096,288764627858
1786476501,68134,3002406,3446557,29,4925084,289017876440
1786476561,68194,3019606,3446491,29,4925108,289323416654
1786476621,68254,3036312,3446395,29,4925212,289643769992
1786476681,68314,3053598,3446314,30,4925160,290013024178
1786476741,68374,3071206,3446235,30,4925192,290403863933
1786476801,68434,3088222,3446168,30,4925188,290828165934
1786476861,68494,3103575,3446107,30,4925148,291714913773
1786476921,68554,3119633,3446019,30,4925184,292594345367
1786476982,68615,3133537,3445960,30,4925100,293499569886
1786477042,68675,3146505,3445896,30,4925140,294577238893
1786477102,68735,3163643,3445816,30,4925140,295277801740
1786477162,68795,3179670,3445736,30,4925084,295811664707
1786477222,68855,3195871,3445668,30,4925128,296355249536
1786477282,68915,3212720,3445575,29,4925132,297041775065
1786477342,68975,3229482,3445507,29,4925124,293906995818
1786477402,69035,3246146,3445423,29,4925080,294738970881
1786477462,69095,3258006,3445373,29,4925172,295005854847
1786477522,69155,3273777,3445302,28,4925144,295517520276
1786477583,69216,3290406,3445226,28,4925196,296113722282
1786477643,69276,3307136,3445140,30,4925172,296679661158
1786477703,69336,3324115,3445047,30,4925128,297275165250
1786477763,69396,3340746,3444964,30,4925156,298085790702
1786477823,69456,3357509,3444891,30,4925128,298787436179
1786477883,69516,3374006,3444801,31,4925168,299418082708
1786477943,69576,3390893,3444728,31,4925208,300083652576
1786478003,69636,3408006,3444644,29,4925116,295843530301
1786478063,69696,3425206,3444566,29,4925380,296358178407
1786478123,69756,3436046,3444512,28,4925428,297334498226
1786478183,69816,3439074,3444501,22,4925404,297520573874
1786478244,69877,3441563,3444495,21,4925464,297700877386
1786478304,69937,3444002,3444478,21,4925412,297934891573
1786478364,69997,3444475,3444475,21,4925444,297960398896
1786478424,70057,3444475,3444476,21,4925416,297960453203
1786478484,70117,3444476,3444476,22,4925460,297960469803
1786478544,70177,3444478,3444478,21,4925468,297960567703
1786478604,70237,3444478,3444479,20,4925464,297960567703
1786478664,70297,3444478,3444480,20,4925468,297960567703
1786478724,70357,3444478,3444481,21,4925416,297960567703
1786478785,70418,3444478,3444481,21,4925416,297960567703
1786478845,70478,3444480,3444480,22,4925408,297960734566
1786478905,70538,3444481,3444481,22,4925420,297960753928
1786478965,70598,3444481,3444482,21,4925388,297960753928
1786479025,70658,3444481,3444483,21,4925344,297960801908
1786479085,70718,3444482,3444483,21,4925392,297960946272
1786479145,70778,3444482,3444484,21,4925404,297960946272
1786479205,70838,3444482,3444485,21,4925420,297960946272
1786479265,70898,3444484,3444484,22,4925436,297960964256
1786479325,70958,3444484,3444484,22,4925444,297960964256
1786479385,71018,3444484,3444485,21,4925400,297960964256
1786479446,71079,3444484,3444486,21,4925440,297960964256
1786479506,71139,3444484,3444487,21,4925396,297960964256
1786479566,71199,3444484,3444488,21,4925440,297960964256
1786479626,71259,3444486,3444486,21,4925416,297961129182
1786479686,71319,3444488,3444488,21,4925428,297961142225
1786479746,71379,3444488,3444489,22,4925384,297961142225
1786479806,71439,3444491,3444491,22,4925424,297961196482
1786479866,71499,3444492,3444492,21,4925404,297961255704
1786479926,71559,3444492,3444493,21,4925464,297961255704
1786479986,71619,3444493,3444493,21,4925480,297961355385
1786480046,71679,3444494,3444495,21,4925404,297961442931
1786480107,71740,3444495,3444495,21,4925396,297961380649
1786480167,71800,3444497,3444497,21,4925416,297961413768
1786480227,71860,3444497,3444498,21,4925476,297961414547
1786480287,71920,3444498,3444498,21,4925432,297961610705
1786480347,71980,3444498,3444499,20,4925432,297961610705
1786480407,72040,3444498,3444500,20,4925400,297961610705
1786480467,72100,3444501,3444501,20,4925428,297961533485
1786480527,72160,3444502,3444503,21,4925440,297961612360
1786480587,72220,3444504,3444504,21,4925420,297961587012
1786480647,72280,3444505,3444506,21,4925380,297961626808
1786480707,72340,3444506,3444507,22,4925376,297961592912
1786480768,72401,3444507,3444507,23,4925428,297961736531
1786480828,72461,3444507,3444508,23,4925452,297961744137
1786480888,72521,3444508,3444508,23,4925468,297961727563
1786480948,72581,3444508,3444509,23,4925444,297961727563
1786481008,72641,3444508,3444510,23,4925400,297961727563
1786481068,72701,3444508,3444511,23,4925396,297961727563
1786481128,72761,3444508,3444511,22,4925464,297961727563
1786481188,72821,3444508,3444512,22,4925412,297961727563
1786481248,72881,3444510,3444510,22,4925480,297961946269
1786481308,72941,3444512,3444512,21,4925448,297961882353
1786481368,73001,3444514,3444514,20,4925396,297962021572
1786481429,73062,3444515,3444516,20,4925408,297961983103
1786481489,73122,3444515,3444516,20,4925424,297961983103
1786481549,73182,3444515,3444517,20,4925420,297961983103
1786481609,73242,3444515,3444518,20,4925440,297961983103
1786481669,73302,3444515,3444519,20,4925436,297961983103
1786481729,73362,3444516,3444517,20,4925432,297962074723
1786481789,73422,3444517,3444518,20,4925480,297962166424
1786481849,73482,3444518,3444518,20,4925396,297962163138
1786481909,73542,3444518,3444519,21,4925440,297962163138
1786481969,73602,3444518,3444520,24,4925480,297962163138
1786482029,73662,3444519,3444519,24,4925468,297962231346
1786482090,73723,3444519,3444520,22,4925436,297962231346
1786482150,73783,3444520,3444520,22,4925412,297962268275
1786482210,73843,3444522,3444522,22,4925424,297962362568
1786482270,73903,3444522,3444523,22,4925436,297962362568
1786482330,73963,3444523,3444523,22,4925480,297962310922
1786482390,74023,3444523,3444524,23,4925444,297962310922
1786482450,74083,3444523,3444525,23,4925440,297962310922
1786482510,74143,3444523,3444526,22,4925416,297962310922
1786482570,74203,3444523,3444527,22,4925488,297962310922
1786482630,74263,3444524,3444524,22,4925484,297962621075
1786482690,74323,3444526,3444526,22,4925436,297962695141
1786482751,74384,3444526,3444527,21,4925428,297962695141
1786482811,74444,3444527,3444527,21,4925372,297962791847
1786482871,74504,3444528,3444528,21,4925384,297962689893
1786482931,74564,3444529,3444529,21,4925460,297962779172
1786482991,74624,3444529,3444530,21,4925456,297962779172
1786483051,74684,3444530,3444530,21,4925452,297962843784
1786483111,74744,3444530,3444531,21,4925452,297962843784
1786483171,74804,3444531,3444531,21,4925484,297962971595
1786483231,74864,3444531,3444532,21,4925452,297962989156
1786483291,74924,3444532,3444533,21,4925452,297963114241
1786483351,74984,3444532,3444534,21,4925448,297963114241
1786483412,75045,3444533,3444533,21,4925472,297963184527
1786483472,75105,3444533,3444534,21,4925428,297963184527
1786483532,75165,3444534,3444534,22,4925468,297963243879
1786483592,75225,3444536,3444536,22,4926412,297963215731
1786483652,75285,3444537,3444537,21,4926392,297963239958
1786483712,75345,3444538,3444538,21,4926400,297963372795
1786483772,75405,3444538,3444539,22,4926408,297963372795
1786483832,75465,3444539,3444539,22,4926324,297963408566
1786483892,75525,3444540,3444541,22,4926436,297963477075
1786483952,75585,3444540,3444541,22,4926392,297963477075
1786484012,75645,3444542,3444542,21,4926444,297963554867
1786484073,75706,3444542,3444543,22,4926428,297963554867
1786484133,75766,3444542,3444544,22,4926388,297963554867
1786484193,75826,3444542,3444544,22,4926432,297963554867
1786484253,75886,3444543,3444543,22,4926428,297963714485
1786484313,75946,3444544,3444545,22,4926428,297963680504
1786484373,76006,3444544,3444545,22,4926452,297963680504
1786484433,76066,3444546,3444546,22,4926420,297963800308
1786484493,76126,3444547,3444547,22,4926464,297963863787
1786484553,76186,3444549,3444549,22,4926472,297963862808
1786484613,76246,3444550,3444550,22,4926440,297963930331
1786484674,76307,3444550,3444551,22,4926440,297963930331
1786484734,76367,3444552,3444552,22,4926372,297963931553
1786484794,76427,3444552,3444553,22,4926376,297963931553
1786484854,76487,3444553,3444554,22,4926416,297964043408
1786484914,76547,3444553,3444554,22,4926380,297964043408
1786484974,76607,3444555,3444555,22,4926384,297964011938
1786485034,76667,3444558,3444558,22,4926384,297964013464
1786485094,76727,3444558,3444559,22,4926384,297964013464
1786485154,76787,3444559,3444559,22,4926388,297964084800
1786485214,76847,3444559,3444560,21,4926360,297964084800
1786485274,76907,3444563,3444563,21,4926492,297964287510
1786485335,76968,3444563,3444564,21,4926380,297964287510
1786485395,77028,3444564,3444564,21,4926388,297964516238
1786485455,77088,3444565,3444565,23,4926456,297964506171
1786485515,77148,3444567,3444567,23,4926420,297964418752
1786485575,77208,3444567,3444568,22,4926444,297964418752
1786485635,77268,3444567,3444569,22,4926456,297964426360
1786485695,77328,3444568,3444568,23,4926456,297964529873
1786485755,77388,3444568,3444569,23,4926456,297964529873
1786485815,77448,3444570,3444570,23,4926436,297964489742
1786485875,77508,3444572,3444572,24,4926440,297964574001
1786485935,77568,3444573,3444573,24,4926416,297964539841
1786485996,77629,3444573,3444574,24,4926432,297964539841
1786486056,77689,3444573,3444574,25,4926432,297964539841
1786486116,77749,3444576,3444576,24,4926388,297964535214
1786486176,77809,3444577,3444577,24,4926424,297964557942
1786486236,77869,3444578,3444578,24,4926428,297964600638
1786486296,77929,3444579,3444579,25,4926392,297964644631
1786486356,77989,3444580,3444580,25,4926468,297964748067
1786486416,78049,3444581,3444581,26,4926464,297964793206
1786486476,78109,3444582,3444582,26,4926464,297964739285
1786486536,78169,3444583,3444583,25,4926432,297964774573
1786486596,78229,3444584,3444584,25,4926476,297964809833
1786486657,78290,3444586,3444586,25,4926460,297964855714
1786486717,78350,3444586,3444586,25,4926468,297964855714
1786486777,78410,3444586,3444587,25,4926468,297964855714
1786486837,78470,3444588,3444588,25,4926420,297964996700
1786486897,78530,3444589,3444589,25,4926424,297964981977
1786486957,78590,3444591,3444591,25,4926396,297964976217
1786487017,78650,3444592,3444592,26,4926412,297965025870
1786487077,78710,3444592,3444593,26,4926456,297965025870
1786487137,78770,3444592,3444594,25,4926468,297965025870
1786487197,78830,3444593,3444593,25,4926432,297965061837
1786487257,78890,3444594,3444595,25,4926476,297965121287
1786487318,78951,3444594,3444595,25,4926476,297965121287
1786487378,79011,3444594,3444596,25,4926440,297965121287
1786487438,79071,3444595,3444595,25,4926452,297965208975
1786487498,79131,3444596,3444596,26,4926416,297965215341
1786487558,79191,3444597,3444598,26,4926428,297965221006
1786487618,79251,3444598,3444599,25,4926396,297965299804
1786487678,79311,3444599,3444599,25,4926452,297965320697
1786487738,79371,3444599,3444600,25,4926412,297965320697
1786487798,79431,3444599,3444601,25,4926416,297965320697
1786487858,79491,3444600,3444600,25,4926412,297965381242
1786487919,79552,3444600,3444601,25,4926428,297965381242
1786487979,79612,3444601,3444601,25,4926400,297965496128
1786488039,79672,3444601,3444602,25,4926400,297965513689
1786488099,79732,3444601,3444603,25,4926444,297965513689
1786488159,79792,3444601,3444603,25,4926388,297965513689
1786488219,79852,3444601,3444604,25,4926432,297965513689
1786488279,79912,3444601,3444605,23,4926388,297965513689
1786488339,79972,3444603,3444603,22,4926424,297965504226
1786488399,80032,3444604,3444605,22,4926424,297965533528
1786488459,80092,3444604,3444605,22,4926456,297965533528
1786488519,80152,3444604,3444606,23,4926448,297965533528
1786488580,80213,3444604,3444607,23,4926444,297965533528
1786488640,80273,3444604,3444608,23,4926408,297965577302
1786488700,80333,3444604,3444609,23,4926412,297965577302
1786488760,80393,3444604,3444609,23,4926448,297965577302
1786488820,80453,3444606,3444606,23,4926416,297965704619
1786488880,80513,3444608,3444608,23,4926456,297965872385
1786488940,80573,3444609,3444610,23,4926412,297965791061
1786489000,80633,3444609,3444611,23,4926476,297965791061
1786489060,80693,3444610,3444610,23,4926476,297965801335
1786489120,80753,3444610,3444611,23,4926448,297965801335
1786489180,80813,3444612,3444612,23,4926504,297965873227
1786489241,80874,3444612,3444613,23,4926464,297965878218
1786489301,80934,3444612,3444614,24,4926456,297965878218
1786489361,80994,3444613,3444613,22,4926380,297965904687
1786489421,81054,3444613,3444614,21,4926424,297965904687
1786489481,81114,3444614,3444614,22,4926456,297966126746
1786489541,81174,3444614,3444615,22,4926408,297966126746
1786489601,81234,3444615,3444615,22,4926360,297965957624
1786489661,81294,3444616,3444617,23,4926304,297965944866
1786489721,81354,3444616,3444617,23,4926400,297965968598
1786489781,81414,3444617,3444617,24,4926364,297965968598
1786489841,81474,3444618,3444618,24,4926388,297966012201
1786489902,81535,3444619,3444619,24,4926356,297966041319
1786489962,81595,3444619,3444620,24,4926344,297966041319
1786490022,81655,3444620,3444620,25,4926360,297966079537
1786490082,81715,3444620,3444621,25,4926328,297966079537
1786490142,81775,3444621,3444622,24,4926364,297966086814
1786490202,81835,3444621,3444623,24,4926392,297966086814
1786490262,81895,3444621,3444624,24,4926352,297966086814
1786490322,81955,3444621,3444625,25,4926328,297966086814
1786490382,82015,3444621,3444625,24,4926332,297966086814
1786490442,82075,3444621,3444626,24,4926360,297966094418
1786490502,82135,3444622,3444622,24,4926420,297966260041
1786490563,82196,3444623,3444624,23,4926392,297966280027
1786490623,82256,3444624,3444625,23,4926360,297966309767
1786490683,82316,3444626,3444626,24,4926336,297966360514
1786490743,82376,3444627,3444627,25,4926424,297966393825
1786490803,82436,3444629,3444629,24,4926404,297966505719
1786490863,82496,3444629,3444630,23,4926404,297966505719
1786490923,82556,3444630,3444630,23,4926400,297966526956
1786490983,82616,3444632,3444632,23,4926412,297966578234
1786491043,82676,3444632,3444633,23,4926456,297966596476
1786491103,82736,3444633,3444633,24,4926436,297966867715
1786491163,82796,3444634,3444635,25,4926428,297966810119
1786491224,82857,3444635,3444635,24,4926444,297966792320
1786491284,82917,3444635,3444636,24,4926392,297966792320
1786491344,82977,3444635,3444637,24,4926444,297966792320
1786491404,83037,3444635,3444638,24,4926400,297966792320
1786491464,83097,3444636,3444636,24,4926448,297966979100
1786491524,83157,3444636,3444637,25,4926420,297966979100
1786491584,83217,3444636,3444638,25,4926404,297966979189
1786491644,83277,3444636,3444639,24,4926448,297966986694
1786491704,83337,3444639,3444639,24,4926464,297967073925
1786491764,83397,3444640,3444640,24,4926452,297967079115
1786491825,83458,3444643,3444643,24,4926464,297967110078
1786491885,83518,3444646,3444646,24,4926464,297967148219
1786491945,83578,3444649,3444649,24,4926480,297967237271
1786492005,83638,3444649,3444650,24,4926488,297967237271
1786492065,83698,3444649,3444650,24,4926444,297967237271
1786492125,83758,3444649,3444651,24,4926408,297967237271
1786492185,83818,3444651,3444651,24,4926404,297967504657
1786492245,83878,3444654,3444654,24,4926392,297967551162
1786492305,83938,3444657,3444657,25,4926420,297967477149
1786492365,83998,3444658,3444658,25,4926468,297967481297
1786492425,84058,3444659,3444659,25,4926480,297967584556
1786492486,84119,3444660,3444660,25,4926480,297967606706
1786492546,84179,3444660,3444661,25,4926436,297967606706
1786492606,84239,3444661,3444661,25,4926436,297967701425
1786492666,84299,3444661,3444662,25,4926460,297967701425
1786492726,84359,3444662,3444662,25,4926436,297967751425
1786492786,84419,3444662,3444663,26,4926404,297967751514
1786492846,84479,3444663,3444663,26,4926444,297967743075
1786492906,84539,3444663,3444664,26,4926412,297967743075
1786492966,84599,3444663,3444665,26,4926400,297967743075
1786493026,84659,3444663,3444666,25,4926436,297967743075
1786493086,84719,3444663,3444667,23,4926444,297967743075
1786493147,84780,3444664,3444664,23,4926496,297967988899
1786493207,84840,3444665,3444665,24,4926444,297967965424
1786493267,84900,3444666,3444666,25,4926484,297967974143
1786493327,84960,3444666,3444667,24,4926480,297967974143
1786493387,85020,3444670,3444670,24,4926488,297968143082
1786493447,85080,3444671,3444671,24,4926452,297968298585
1786493507,85140,3444672,3444672,24,4926456,297968172665
1786493567,85200,3444672,3444673,24,4926420,297968172665
1786493627,85260,3444672,3444674,24,4926376,297968172665
1786493687,85320,3444672,3444675,25,4926388,297968172665
1786493747,85380,3444672,3444676,25,4926408,297968172665
1786493808,85441,3444672,3444676,25,4926424,297968172665
1786493868,85501,3444674,3444674,25,4926472,297968372865
1786493928,85561,3444674,3444675,26,4926428,297968372865
1786493988,85621,3444675,3444675,27,4926436,297968421180
1786494048,85681,3444677,3444677,28,4926468,297968433260
1786494108,85741,3444678,3444678,27,4926468,297968475168
1786494168,85801,3444680,3444680,27,4926460,297968554716
1786494228,85861,3444682,3444682,27,4926476,297968596875
1786494288,85921,3444685,3444685,27,4926492,297968630884
1786494348,85981,3444686,3444686,27,4926412,297968620624
1786494408,86041,3444688,3444688,27,4926408,297968652763
1786494469,86102,3444689,3444689,27,4926456,297968640747
1786494529,86162,3444690,3444690,27,4926432,297968681007
1786494589,86222,3444690,3444691,27,4926476,297968681896
1786494649,86282,3444691,3444691,27,4926504,297968793366
1786494709,86342,3444693,3444693,27,4926472,297968837841
1786494769,86402,3444693,3444693,27,4926484,297968837841
1786494829,86462,3444694,3444694,27,4926460,297968845185
1786494889,86522,3444695,3444695,27,4926468,297968914369
1786494949,86582,3444696,3444696,27,4926512,297969012774
1786495009,86642,3444696,3444697,29,4926512,297969012774
1786495069,86702,3444697,3444697,29,4926520,297969000595
1786495130,86763,3444698,3444698,28,4926472,297969124326
1786495190,86823,3444699,3444699,28,4926504,297969029175
1786495250,86883,3444699,3444700,28,4926460,297969029175
1786495310,86943,3444700,3444700,28,4926404,297969133065
1786495370,87003,3444701,3444702,28,4926452,297969215152
1786495430,87063,3444701,3444703,28,4926436,297969215152
1786495490,87123,3444701,3444703,28,4926368,297969215152
1786495550,87183,3444702,3444703,28,4926392,297969172383
